{"accuracy": 76.70807453416148, "precision": 0.7821548821548822, "recall": 0.6003352490421456, "training_time": 0.04086589813232422, "_runtime": 9, "_timestamp": 1634399136, "_step": 0, "_wandb": {"runtime": 13}}