{"accuracy": 76.70807453416148, "precision": 0.7821548821548822, "recall": 0.6003352490421456, "training_time": 0.037897348403930664, "_runtime": 8, "_timestamp": 1634398718, "_step": 0, "_wandb": {"runtime": 69}}